{
  "index": "/logs-monitoring/index.html",
  "assetGroups": [{
    "name": "app",
    "installMode": "prefetch",
    "resources": { 
      "files": [
        "/logs-monitoring/favicon1.ico",
          "/logs-monitoring/manifest.webmanifest",
      
        "/logs-monitoring/*.bundle.css",
        "/logs-monitoring/*.bundle.js",
        "/logs-monitoring/*.chunk.js"
      ]
    }
  }, {
    "name": "assets",
    "installMode": "lazy",
    "updateMode": "prefetch",
    "resources": {
      "files": [
        "/logs-monitoring/assets/**"
      ]
    }
  }],
  
  "dataGroups": [
    
  ]
}