<?xml version="1.1" encoding="UTF-8" standalone="no"?>
<databaseChangeLog
	xmlns="http://www.liquibase.org/xml/ns/dbchangelog"
	xmlns:ext="http://www.liquibase.org/xml/ns/dbchangelog-ext"
	xmlns:xsi="http://www.w3.org/2001/XMLSchema-instance"
	xsi:schemaLocation="http://www.liquibase.org/xml/ns/dbchangelog-ext http://www.liquibase.org/xml/ns/dbchangelog/dbchangelog-ext.xsd http://www.liquibase.org/xml/ns/dbchangelog http://www.liquibase.org/xml/ns/dbchangelog/dbchangelog-3.5.xsd">

	<changeSet id="1" author="sha">
		<sql>
			CREATE TABLE IF NOT EXISTS public.np_api_logs
			(
			id character(36)
			COLLATE pg_catalog."default" NOT NULL,
			jsn_rqst jsonb,
			jsn_rspns jsonb,
			rspns_tm integer,
			typ character varying(255),
			actv boolean,
			api_vrsn
			integer,
			vrsn integer,
			sft_dlt boolean,
			crtd_by character(36) COLLATE
			pg_catalog."default",
			crt_tm_stmp timestamp
			with time zone,
			src_ip
			character varying(255) COLLATE
			pg_catalog."default",
			updtd_by
			character(36) COLLATE
			pg_catalog."default",
			updtd_tm_stmp timestamp
			with time zone,
			updtd_src_ip character varying(255) COLLATE
			pg_catalog."default",

			CONSTRAINT np_api_logs_pkey PRIMARY KEY (id)
			)

			TABLESPACE pg_default;
		</sql>
	</changeSet>

	<changeSet id="2" author="sha">
		<sql>
			CREATE TABLE IF NOT EXISTS public.np_master
			(
			id character(36)
			COLLATE pg_catalog."default" NOT NULL,
			ack_cd character varying(255)
			COLLATE pg_catalog."default",
			cll_bck_url character varying(255)
			COLLATE pg_catalog."default",
			dvrfctn_ack_cd character varying(255)
			COLLATE pg_catalog."default",
			encr_publc_ky character varying(255)
			COLLATE pg_catalog."default",
			ky_vrfctn character varying(255) COLLATE
			pg_catalog."default",
			ocsp_vldtn boolean,
			sgnng_pblc_ky character
			varying(255) COLLATE pg_catalog."default",
			sbscrbr_id character
			varying(255) COLLATE pg_catalog."default",
			undr_dmn_vrfctn boolean,
			ver_rq_id character
			varying(255) COLLATE pg_catalog."default",
			vrfy_ack_cd character
			varying(255) COLLATE pg_catalog."default",
			actv
			boolean,
			api_vrsn
			integer,
			vrsn integer,
			sft_dlt boolean,
			crtd_by
			character(36) COLLATE
			pg_catalog."default",
			crt_tm_stmp timestamp
			with
			time zone,
			src_ip
			character varying(255) COLLATE
			pg_catalog."default",
			updtd_by
			character(36) COLLATE
			pg_catalog."default",
			updtd_tm_stmp
			timestamp with
			time zone,
			updtd_src_ip character varying(255) COLLATE
			pg_catalog."default",


			CONSTRAINT np_master_pkey PRIMARY KEY (id)
			)

			TABLESPACE pg_default;
		</sql>
	</changeSet>
	<changeSet id="3" author="sha">
		<sql>
			CREATE TABLE IF NOT EXISTS public.np_onboarding_request
			(
			id
			character(36) COLLATE pg_catalog."default" NOT NULL,
			api_lgs_id
			character(36) COLLATE pg_catalog."default",
			cnf_rq_id character
			varying(255) COLLATE pg_catalog."default",
			d_int_ack_cd character
			varying(255) COLLATE pg_catalog."default",
			sbscrbr_id character
			varying(255) COLLATE pg_catalog."default",
			actv boolean,
			api_vrsn
			integer,
			vrsn integer,
			sft_dlt boolean,
			crtd_by
			character(36) COLLATE
			pg_catalog."default",
			crt_tm_stmp timestamp
			with
			time zone,
			src_ip
			character varying(255) COLLATE
			pg_catalog."default",
			updtd_by
			character(36) COLLATE
			pg_catalog."default",
			updtd_tm_stmp
			timestamp
			with
			time zone,
			updtd_src_ip character varying(255) COLLATE
			pg_catalog."default",

			CONSTRAINT np_onboarding_request_pkey PRIMARY
			KEY (id)
			)

			TABLESPACE pg_default;
		</sql>
	</changeSet>

	<changeSet id="4" author="sha">
		<sql>

			CREATE TABLE IF NOT EXISTS public.registry_keys
			(
			id character(36)
			COLLATE pg_catalog."default" NOT NULL,
			prvt_ky character varying(255)
			COLLATE pg_catalog."default",
			pblc_ky character varying(255) COLLATE
			pg_catalog."default",
			typ character varying(255) COLLATE
			pg_catalog."default",
			actv boolean,
			api_vrsn
			integer,
			vrsn integer,
			sft_dlt boolean,
			crtd_by
			character(36) COLLATE
			pg_catalog."default",
			crt_tm_stmp timestamp
			with
			time zone,
			src_ip
			character varying(255)
			COLLATE
			pg_catalog."default",
			updtd_by
			character(36) COLLATE
			pg_catalog."default",
			updtd_tm_stmp
			timestamp
			with
			time zone,
			updtd_src_ip character varying(255) COLLATE
			pg_catalog."default",

			CONSTRAINT regitry_keys_pkey PRIMARY KEY (id)
			)

			TABLESPACE pg_default;
		</sql>
	</changeSet>
</databaseChangeLog>